"Season","Episode","Name","Rating","Raters","Synopsis","Air-date"
"1","1","The One Where Monica Gets a Roommate","8.6","3,308","Monica and the gang introduce Rachel to the ""real world"" after she leaves her fiancé at the altar.","22 Sep. 1994"
"1","2","The One with the Sonogram at the End","8.2","2,270","Ross finds out his ex-wife is pregnant. Rachel returns her engagement ring to Barry. Monica becomes stressed when her and Ross's parents come to visit.","29 Sep. 1994"
"1","3","The One with the Thumb","8.3","2,114","Monica becomes irritated when everyone likes her new boyfriend more than she does. Chandler resumes his smoking habit. Phoebe is given $7000 when she finds a thumb in a can of soda.","6 Oct. 1994"
"1","4","The One with George Stephanopoulos","8.3","2,041","Joey and Chandler take Ross to a hockey game to take his mind off the anniversary of the first time he slept with Carol, while the girls become depressed when they realize they don't have a 'plan'.","13 Oct. 1994"
"1","5","The One with the East German Laundry Detergent","8.5","2,002","Eager to spend time with Rachel, Ross pretends his washroom is rat-infested so he can join her at the laundromat. Meanwhile, Joey has Monica pose as his girlfriend, and Chandler struggles to break up with his girlfriend.","20 Oct. 1994"
"1","6","The One with the Butt","8.3","1,954","Monica's obsessiveness is put to the test after Rachel cleans the apartment. Joey lands a film role as Al Pacino's butt double. Chandler enjoys a relationship with all of the fun but none of the responsibility.","27 Oct. 1994"
"1","7","The One with the Blackout","9.0","2,540","When New York suffers from a blackout, Ross tries to tell Rachel that he likes her, and Chandler gets stuck in an ATM vestibule with a model.","3 Nov. 1994"
"1","8","The One Where Nana Dies Twice","8.2","1,883","Monica and Ross mourn the loss of their grandmother. Chandler is shocked to find that people think he is gay.","10 Nov. 1994"
"1","9","The One Where Underdog Gets Away","8.3","1,830","The gang's plans for Thanksgiving go awry after they get locked out of Monica and Rachel's apartment.","17 Nov. 1994"
"1","10","The One with the Monkey","8.1","1,848","The gang make (and break) a pact not to bring dates to their New Years Eve party. Phoebe starts dating a scientist. Ross compensates for his loneliness by getting a monkey.","15 Dec. 1994"
"1","11","The One with Mrs. Bing","8.3","1,828","Chandler's flamboyant romance-novelist mother comes to visit, and Joey catches her kissing Ross. Meanwhile, Monica and Phoebe fight over a guy in a coma.","5 Jan. 1995"
"1","12","The One with the Dozen Lasagnas","8.3","1,789","Rachel and Paolo's relationship hits a snag after he gropes Phoebe. Ross has a hard time not knowing the sex of his and Carol's baby. Joey and Chandler get a foosball table.","12 Jan. 1995"
"1","13","The One with the Boobies","8.7","1,914","Joey finds out his dad has a mistress. Rachel tries to even the score after Chandler inadvertently catches a glimpse of her breasts. Phoebe dates a shrink who analyzes the gang.","19 Jan. 1995"
"1","14","The One with the Candy Hearts","8.4","1,750","As Valentine's Day approaches; Ross and his date end up at the same restaurant as Carol and Susan, Joey inadvertently sets Chandler up on a blind date with Janice, and the girls burn mementos of their old boyfriends.","9 Feb. 1995"
"1","15","The One with the Stoned Guy","8.4","1,807","Monica cooks a gourmet meal for a restaurateur who is looking for a new chef, however he arrives at the apartment stoned. Meanwhile, Ross tries to master 'dirty talk'.","16 Feb. 1995"
"1","16","The One with Two Parts: Part 1","8.3","1,779","Phoebe feels neglected when Joey falls for her twin sister. Chandler struggles to fire an attractive co-worker. Ross attends Lamaze classes with Carol and Susan.","23 Feb. 1995"
"1","17","The One with Two Parts: Part 2","8.5","1,794","Rachel switches identities with Monica so she can use her health insurance. Meanwhile, Ursula continues to come between Phoebe and Joey.","23 Feb. 1995"
"1","18","The One with All the Poker","8.9","2,034","As Rachel interviews for a new job, the girls take on the guys in a game of poker.","2 Mar. 1995"
"1","19","The One Where the Monkey Gets Away","8.2","1,692","The gang frantically search for Ross's monkey Marcel after Rachel loses him.","9 Mar. 1995"
"1","20","The One with the Evil Orthodontist","8.0","1,699","The gang become annoyed after they discover someone is spying on them from the building across the street. Rachel and Barry start dating again, even though he is engaged to Mindy. Chandler goes crazy when a girl he likes doesn't return his phone calls.","6 Apr. 1995"
"1","21","The One with the Fake Monica","8.0","1,715","Monica befriends the woman who stole her credit card. Ross is forced to give away Marcel. Joey tries to come up with a less ethnic-sounding stage name.","27 Apr. 1995"
"1","22","The One with the Ick Factor","8.4","1,689","Monica gets a shock when she finds out her boyfriend is a high school student. Chandler finds out his colleagues don't like him when Phoebe temps as his secretary.","4 May 1995"
"1","23","The One with the Birth","8.7","1,783","As Carol goes into labor; Ross and Susan argue, Rachel flirts with Carol's doctor, and Joey assists a pregnant single mother.","11 May 1995"
"1","24","The One Where Rachel Finds Out","8.9","1,907","As Ross leaves for China, Chandler accidentally reveals Ross's feelings for Rachel. Joey takes part in a fertility study and is unable to sleep with his new girlfriend.","18 May 1995"
"10","1","The One After Joey and Rachel Kiss","8.5","1,452","Joey and Ross both attempt to come clean to each other that they're dating Rachel and Charlie. Phoebe finds out Mike has another girlfriend.","25 Sep. 2003"
"10","2","The One Where Ross Is Fine","8.8","1,566","Rachel and Joey fear for Ross's state of mind after he finds out about their relationship. Chandler and Monica visit some friends of Phoebe to get advice on adoption. Frank and the triplets come to visit.","2 Oct. 2003"
"10","3","The One with Ross's Tan","8.8","1,535","Ross goes to a tanning salon but fails to follow the 'simple' instructions. Joey and Rachel struggle to make the transition from friends to lovers. Monica and Phoebe try to avoid an annoying woman that used to live in their building.","9 Oct. 2003"
"10","4","The One with the Cake","8.4","1,266","On Emma's first birthday, Ross and Rachel convince everyone to delay their plans so they can attend her party, however plans go awry when Emma's birthday cake is revealed.","23 Oct. 2003"
"10","5","The One Where Rachel's Sister Babysits","8.3","1,289","Rachel's sister Amy comes to visit and moves in with her and Joey. Monica and Chandler let Joey write a letter of recommendation for them for the adoption agency. Phoebe accidentally ruins Mike's proposal.","30 Oct. 2003"
"10","6","The One with Ross' Grant","8.3","1,299","Ross applies for a paleontology grant and finds out Charlie's ex-boyfriend reviews the applications. Monica and Rachel fight over who has to take Phoebe's ugly painting.","6 Nov. 2003"
"10","7","The One with the Home Study","8.4","1,213","Monica and Chandler nervously prepare for a visit from an adoption worker. Phoebe and Mike keep changing their minds about donating their wedding money to charity. Ross fights Rachel's fear of swings.","13 Nov. 2003"
"10","8","The One with the Late Thanksgiving","8.9","1,506","Joey, Ross, Rachel and Phoebe convince Monica and Chandler to host Thanksgiving, however the four of them end up arriving to dinner an hour late.","20 Nov. 2003"
"10","9","The One with the Birth Mother","8.5","1,288","After Rachel confirms Joey is more mature in relationships, Phoebe presents him to another friend as date, Sarah, who fails alas to respect his primordial rule by touching food in his plate. Ross wants fashion advice for his date, so Rachel and Phoebe take him shopping, but after he left the choosing to professional buyer Rachel he accidentally ends up wearing her stuff, despite Joey's 'jealous' warning. Monica let the gang get her hopes up when Chandler and she fly to on adoption agency in Ohio. The pregnant mother, Erica, likes them- but only because their files got...","8 Jan. 2004"
"10","10","The One Where Chandler Gets Caught","8.1","1,222","Chandler and Monica have decided they want to raise their offspring in a suburb house, and even find a perfect one in Westchester. Rachel and Phoebe see Chandler enter the house with his realtor Nancy, and think he's cheating with her on Monica. After that misunderstanding is cleared, the other Friends are shocked the couple wants to leave Manhattan, and everybody starts reminiscing about living in New York as a gang, till Nancy calls about their bid on the house...","15 Jan. 2004"
"10","11","The One Where the Stripper Cries","9.0","1,763","Phoebe's bachelorette party has no strippers, and Phoebe wanted one. So Rachel and Monica find a stripper, but he has to be at least 50 years old. Joey appears on ""Pyramid."" Chandler and Ross go to a college reunion, and they recall what they did in 1987. Chandler tells Ross that he kissed Rachel at a party and Ross gets upset with Chandler because that was the night he kissed Rachel for the first time. It turns out that Ross didn't kiss Rachel that night, that he really kissed Monica.","5 Feb. 2004"
"10","12","The One with Phoebe's Wedding","8.8","1,415","Monica is driving Phoebe insane as she plans Phoebe's wedding. At the rehearsal dinner, Phoebe gets really upset with Monica and fires her. The next day, Phoebe is going through hell doing Monica's job. Chandler and Ross find out that they are not included in the wedding and when one of Mike's groomsmen can't make it, Mike lets Phoebe decide who should take the role. Phoebe passes the decision to bridesmaid Rachel however Mike makes his dog, Chappy, the missing groomsman. Joey is playing Phoebe's dad during the ceremony, and he takes it too seriously. There is a giant...","12 Feb. 2004"
"10","13","The One Where Joey Speaks French","8.6","1,414","Ross accompanies Rachel to Long Island after Rachel's father has a heart attack. Rachel wants to have sex with Ross but he rejects her and they make a promise never to sleep together again. Erica comes to town and Monica and Chandler find out that the baby's father might be a shovel killer. Phoebe, back from her honeymoon helps Joey prepare for an audition by teaching him how to speak french. Joey does not progress well, even on the first line, and Phoebe says he will never learn french, and running out on their lessons.","19 Feb. 2004"
"10","14","The One with Princess Consuela","8.7","1,414","When Phoebe goes to get her name changed she realizes she can change it to anything she wants, so she changes it to Princess Consuela Banana Hammock. When Mike suggests he changes his name to Crap Bag, Phoebe gets his point and changes her name to Phoebe Buffay-Hannigan. Chandler finds out that Monica never changed her last name. Monica and Chandler take Joey to their house to convince him it is a good move he tries to find anything wrong with the house so they wouldn't buy it. Rachel goes to a job interview at a restaurant but her current boss is sitting right beyond...","26 Feb. 2004"
"10","15","The One Where Estelle Dies","8.6","1,256","Ross tries to get Rachel to go back to Ralph Lauren, Joey doesn't know that his agent has died, and Monica and Chandler bump into Janice.","22 Apr. 2004"
"10","16","The One with Rachel's Going Away Party","8.9","1,398","As Rachel prepares to move to Paris, Monica throws a going-away party for her. Rachel privately talks to everyone during the party except for Ross. Ross gets upset, and tells her that he at least deserves a goodbye because of their history. Rachel goes over his apartment, and tells him the reason she did not say goodbye was because it was too hard. That he was more important to her than the others. Then they share a romantic kiss. Meanwhile, Joey and Chandler are putting packing around their head, and hitting each other. Chandler finds handcuffs in the guest room, and...","29 Apr. 2004"
"10","17","The Last One: Part 1","9.5","3,236","Erica has gone into labor, three weeks early and Chandler has a hard time getting along with when Monica leaves them alone in the delivery room with her. Meanwhile, Ross and Rachel sleep together and Ross realizes that he still loves Rachel and wants to be with her. Erica delivers, but there is one big surprise - there are twin babies, one boy and one girl. After Erica delivers the second baby, Monica and Chandler decide to name the girl, Erica, and the boy, Jack. Ross chases Rachel to the airport with the help of Phoebe but they end up going to the wrong airport. ...","6 May 2004"
"10","18","The Last One: Part 2","9.7","5,281","Rachel is leaving for her job in Paris. Monica and Chandler are packing up the apartment.","6 May 2004"
"2","1","The One with Ross's New Girlfriend","8.5","1,747","Rachel waits for Ross at the airport, unaware he has a new girlfriend. Meanwhile, Chandler has a frightening experience with Joey's tailor, and Phoebe gives Monica a bad haircut.","21 Sep. 1995"
"2","2","The One with the Breast Milk","8.3","1,677","Monica goes shopping with Julie and tries to keep it a secret from Rachel. Ross is grossed out by Carol's breast milk. At his day job, Joey competes with a fellow cologne spritzer.","28 Sep. 1995"
"2","3","The One Where Heckles Dies","8.4","1,677","After Mr. Heckles dies and leaves all his belongings to Monica and Rachel, Chandler worries he will die alone just like him. Meanwhile, Phoebe and Ross argue over evolution.","5 Oct. 1995"
"2","4","The One with Phoebe's Husband","8.1","1,619","When the gang find out Phoebe married a gay Canadian ice dancer for a green card, more of their secrets are revealed. Meanwhile, Rachel gives Ross bad advice on his relationship with Julie.","12 Oct. 1995"
"2","5","The One with Five Steaks and an Eggplant","8.3","1,627","The gang are divided by income issues; Monica, Ross and Chandler have money, and Rachel, Phoebe and Joey don't.","19 Oct. 1995"
"2","6","The One with the Baby on the Bus","8.6","1,781","Joey and Chandler are left to babysit Ben when Monica takes Ross to the hospital. Meanwhile, Phoebe loses her singing gig at Central Perk to a professional singer.","2 Nov. 1995"
"2","7","The One Where Ross Finds Out","9.0","1,948","A drunken Rachel calls Ross and reveals her feelings for him on his answering machine. Meanwhile, Monica finds work as Chandler's personal trainer.","9 Nov. 1995"
"2","8","The One with the List","8.5","1,633","Ross makes a list of pros and cons to decide whether to be with Julie or Rachel. Meanwhile, Monica gets a job making food with a disgusting synthetic chocolate substitute.","16 Nov. 1995"
"2","9","The One with Phoebe's Dad","8.0","1,575","Phoebe tracks down her father, but isn't sure whether she should meet him. Ross asks Rachel to make a list of pros and cons about him.","14 Dec. 1995"
"2","10","The One with Russ","8.2","1,678","Monica gets back together with 'Fun Bobby' and realizes why he is always so upbeat. Rachel starts dating a guy called Russ who bears an uncanny resemblance to Ross.","4 Jan. 1996"
"2","11","The One with the Lesbian Wedding","8.2","1,635","Rachel's mom comes to visit with big news. Monica caters Carol and Susan's wedding. Phoebe becomes 'possessed' by the spirit of a recently deceased client.","18 Jan. 1996"
"2","12","The One After the Superbowl: Part 1","8.7","1,755","Ross goes to visit Marcel whilst on a trip to California and discovers he is working in commercials. Joey receives a fan letter from an attractive but unstable woman. Phoebe is asked to sing for children at a library.","28 Jan. 1996"
"2","13","The One After the Superbowl: Part 2","8.8","1,785","Ross finds Marcel on the set of a new movie, where Chandler bumps into a former schoolmate. Meanwhile, Rachel and Monica compete for the affections of Jean-Claude Van Damme.","28 Jan. 1996"
"2","14","The One with the Prom Video","9.4","2,721","The gang watch a home video from the night of Monica and Rachel's prom. Joey gives Chandler a hideous bracelet.","1 Feb. 1996"
"2","15","The One Where Ross and Rachel... You Know","8.9","1,856","Monica becomes infatuated with a friend of her parents when she caters a party for him. Ross and Rachel go on their first date. Joey and Chandler refuse to move when they get a new TV and two armchairs.","8 Feb. 1996"
"2","16","The One Where Joey Moves Out","8.6","1,564","Joey and Chandler's friendship is jeopardized when Joey decides to move out. Monica worries about her parents finding out about her relationship with Richard when they attend a party together. Rachel and Phoebe go to get tattoos.","15 Feb. 1996"
"2","17","The One Where Eddie Moves In","8.4","1,584","Joey shows the friends his new apartment. Chandler and Joey miss each other and watch Baywatch in their apartments while talking on the phone together. Phoebe gets a chance to record ""Smelly Cat"" but can't cope with the background singers. Ross is driving Monica crazy because he is so much at Monica's and Rachel's place Monica feels like 16 again living with her brother. Chandler finds a new roommate called Eddie. Chandler is shocked to find that Eddie doesn't like foosball nor Baywatch...","22 Feb. 1996"
"2","18","The One Where Dr. Ramoray Dies","8.5","1,571","Chandler finds out Eddy is not only much less fun then Joey, but positively crazy and frighteningly suspicious and inconsistent. Ross is stressing out to learn Rachel has 'animal sex' with Paolo; Richard and Monica are uncomfortable to learn she is only his second lover, he the last in a long row; there's a logistical dilemma for both couples' make up-sex. After Joey told a TV digest he 'rewrites some of his dialogs', an insulted scenarist writes his character Dr. Drake Ramoray to fall to his death, ending his DOOL-career.","21 Mar. 1996"
"2","19","The One Where Eddie Won't Go","8.7","1,620","Chandler demands that Eddie move out, however he doesn't seem to get the message. Meanwhile, a book on empowerment for women inspires the girls.","28 Mar. 1996"
"2","20","The One Where Old Yeller Dies","8.3","1,498","Phoebe's world view is shattered when she learns how Old Yeller really ends. Monica becomes jealous when Richard starts hanging out with Chandler and Joey. Rachel panics when she learns that Ross has planned their whole life together.","4 Apr. 1996"
"2","21","The One with the Bullies","8.3","1,535","Chandler and Ross run into two bullies at Central Perk. Monica tries her luck at the stock market to avoid taking a job at a tacky 1950s themed diner. Phoebe drives upstate for a second time to meet her father.","25 Apr. 1996"
"2","22","The One with the Two Parties","9.0","1,890","Chaos ensues when Rachel's recently divorced parents show up at her surprise birthday party.","2 May 1996"
"2","23","The One with the Chicken Pox","8.2","1,576","Phoebe catches chicken pox just as an old flame arrives in town on leave from the Navy. Joey gets a job at Chandler's office. Monica is upset that Richard doesn't have any quirks.","9 May 1996"
"2","24","The One with Barry and Mindy's Wedding","8.3","1,535","Rachel reluctantly agrees to be maid of honor at her ex-fiancé Barry's wedding. Monica ponders her future with Richard. Joey tries to practice kissing guys to get a role in Warren Beatty's new movie.","16 May 1996"
"3","1","The One with the Princess Leia Fantasy","8.5","1,616","Monica suffers from insomnia following her breakup with Richard. Joey struggles to accept Chandler and Janice's relationship. Ross confides in Rachel about one of his fantasies.","16 Sep. 1996"
"3","2","The One Where No One's Ready","9.0","2,163","A stressed Ross desperately tries to get the rest of the gang ready for a black tie event at the museum.","26 Sep. 1996"
"3","3","The One with the Jam","8.2","1,530","Monica tries to get over Richard by using her free time to make jam and considers artificial insemination through a sperm bank. Phoebe is stalked by a man who mistakes her for Ursula.","3 Oct. 1996"
"3","4","The One with the Metaphorical Tunnel","8.2","1,458","Chandler tries to get over his fear of commitment. Phoebe poses as Joey's agent after she forgets to tell him about an audition. Ross panics after seeing Ben with a Barbie doll.","10 Oct. 1996"
"3","5","The One with Frank Jr.","8.3","1,506","Phoebe has trouble bonding with her half-brother Frank when he comes to visit. Joey attempts to build an entertainment center. Ross is challenged to name the five celebrities he'd like to sleep with most.","17 Oct. 1996"
"3","6","The One with the Flashback","9.1","1,977","The gang remember the events three years ago, when several of them almost slept together.","31 Oct. 1996"
"3","7","The One with the Race Car Bed","8.4","1,466","Joey becomes a learning extension teacher in soap acting, and loves the respect from even more clueless kids. Monica chooses a ridiculously cheap bed from Janices ex; Phoebe signs for her at delivery- of another bed, a childish race car! Rachel convinces Ross to dine with her dad, who takes him down even worse then he feared; the next day Ross and Dr. Green find each-other making fun about Rachel's chiropractor and various lack of good sense. When Joey hears one of his students also auditions for the same role he wants, he tries to eliminate him by bad advice to play ...","7 Nov. 1996"
"3","8","The One with the Giant Poking Device","8.5","1,476","Chandler is devastated after Joey tells him he saw Janice kissing her ex-husband. Monica accidentally bumps Ben's head into a post when she and Rachel babysit.","14 Nov. 1996"
"3","9","The One with the Football","9.1","2,261","Sibling rivalry between Monica and Ross dominates Thanksgiving proceedings when the gang decide to play a game of football.","21 Nov. 1996"
"3","10","The One Where Rachel Quits","8.2","1,478","Ross accidentally breaks a little girl's leg and tries to help her sell boxes of cookies. Rachel quits her job at Central Perk.","12 Dec. 1996"
"3","11","The One Where Chandler Can't Remember Which Sister","8.7","1,533","A drunken Chandler fools around with one of Joey's sisters - but he can't remember which one. Ross becomes skeptical when a guy at the diner gets Rachel an interview for a position at Bloomingdales.","9 Jan. 1997"
"3","12","The One with All the Jealousy","8.3","1,452","Ross becomes insanely jealous of Mark. Monica hooks up with a co-worker, who writes her a poem with a hidden meaning. Joey's numerous lies on his resume catch up to him when he takes part in a Broadway production.","16 Jan. 1997"
"3","13","The One Where Monica and Richard Are Just Friends","8.3","1,452","Monica's willpower is tested when she bumps into Richard. Joey and Rachel exchange their favourite books. Phoebe dates an athletic guy with a wardrobe malfunction.","30 Jan. 1997"
"3","14","The One with Phoebe's Ex-Partner","8.0","1,473","Phoebe's ex singing partner Leslie plays at Central Perk. Leslie left the duo and Phoebe is still mad but Leslie wants them to play together again. Ross is delighted to hear that Mark quit his job. Chandler meets Ginger and goes out with her. Joey used to date Ginger but accidentally threw her artificial leg into a fire and ran away. Phoebe and Leslie are back together playing music. Ross goes to a fashion seminar with Rachel so she won't go with Mark. They fight because Ross was so bored he fell asleep. Ross doesn't like that he is not involved in Rachel's ""other"" ...","6 Feb. 1997"
"3","15","The One Where Ross and Rachel Take a Break","8.7","1,588","After a bitter fight with Rachel, Ross ends up sleeping with another woman. Phoebe dates a Diplomat who needs an interpretor to speak with her.","13 Feb. 1997"
"3","16","The One the Morning After","9.1","1,917","Ross is guilt-ridden after sleeping with Chloe and desperately tries to stop Rachel from finding out.","20 Feb. 1997"
"3","17","The One Without the Ski Trip","8.4","1,433","When Ross rescues the group after they've become stranded on the way to a ski trip he wasn't invited on, the rest of the gang are forced to address the hostility between him and Rachel after their split.","6 Mar. 1997"
"3","18","The One with the Hypnosis Tape","8.5","1,500","Monica goes out with a guy who turns out to be a software billionaire. Chandler's stop smoking hypnosis tape has an unexpected side effect. Frank makes a surprise announcement that he is getting married - to a woman twice his age.","13 Mar. 1997"
"3","19","The One with the Tiny T-Shirt","8.3","1,460","Rachel goes on her first date after splitting from Ross, with Mark. Joey clashes with his co-star in his new play. Monica continues to date Pete, even though she is still not attracted to him.","27 Mar. 1997"
"3","20","The One with the Dollhouse","8.3","1,430","Kate is the first woman Joey liked who doesn't like him back. Monica's and Ross' aunt Sylvia died and Monica inherits the dollhouse with which she was never allowed to play. Monica invites Phoebe to play with the dollhouse but doesn't let her play anymore when Phoebe brings out a dinosaur, a giant dog and a ghost. Phoebe makes her own dollhouse which is way cooler than Monica's. Chandler has a date with Rachel's boss Joanna and finds her really dull and boring. Joanna thinks they have chemistry and loves Rachel for introducing her to Chandler. Joey and Kate are ...","10 Apr. 1997"
"3","21","The One with the Chick and the Duck","8.8","1,541","Joey buys a chick for him and Chandler, Pete offers Monica a job at his restaurant, and Ross gives up being on TV for Rachel.","17 Apr. 1997"
"3","22","The One with the Screamer","8.4","1,500","Ross witnesses Rachel's date screaming at people, however noone believes him. Meanwhile, Joey becomes upset when Kate is offered a job in Los Angeles, and Phoebe refuses to hang up the phone when she is placed on hold by her phone company.","24 Apr. 1997"
"3","23","The One with Ross's Thing","8.2","1,449","Ross seeks medical help when he finds a mysterious skin condition on his behind. Phoebe struggles to choose between two guys. Monica can't decide what to do about Pete when she thinks he is going to propose.","1 May 1997"
"3","24","The One with the Ultimate Fighting Champion","8.3","1,552","Monica struggles to support Pete in his goal to become the Ultimate Fighting Champion. Chandler is unnerved when his boss slaps his butt. Rachel becomes jealous when Ross starts dating a new woman.","8 May 1997"
"3","25","The One at the Beach","8.9","1,721","The gang go to the beach to learn more about Phoebe's family, where a jealous Rachel sabotages Ross and Bonnie's relationship.","15 May 1997"
"4","1","The One with the Jellyfish","9.1","1,966","Ross and Rachel get back together after Ross unknowingly takes full responsibility for their breakup. Phoebe becomes angry after learning the truth about her birth mother. Monica is stung by a jellyfish.","25 Sep. 1997"
"4","2","The One with the Cat","8.2","1,467","Phoebe becomes convinced that the spirit of her dead mother is inside a cat. Chandler and Joey are robbed. Monica goes on a date with a guy from her high school.","2 Oct. 1997"
"4","3","The One with the 'Cuffs","8.6","1,445","Monica tries to avoid criticism when she caters a party for her mother. Chandler ends up half naked and handcuffed to a chair in Rachel's boss's office. Joey tries to get educated.","9 Oct. 1997"
"4","4","The One with the Ballroom Dancing","8.3","1,431","Joey is forced to help Treeger learn how to dance after he threatens to have Monica and Rachel evicted. Phoebe develops a crush on one of her clients. Ross tries to help Chandler quit the gym.","16 Oct. 1997"
"4","5","The One with Joey's New Girlfriend","8.5","1,441","Chandler develops feelings for Joey's new girlfriend. Ross and Rachel try to make each other jealous with their dates. Phoebe's cold gives her a sexy singing voice.","30 Oct. 1997"
"4","6","The One with the Dirty Girl","8.6","1,483","Ross's new girlfriend seems nearly perfect until he discovers that her apartment is incredibly dirty. Chandler buys a better birthday present for Kathy than Joey. Phoebe helps Monica cater an event.","6 Nov. 1997"
"4","7","The One Where Chandler Crosses the Line","8.8","1,515","Chandler is guilt-ridden after kissing Kathy. Ross starts playing the keyboard again and everyone except Phoebe thinks he's terrible.","13 Nov. 1997"
"4","8","The One with Chandler in a Box","9.2","1,994","Chandler desperately tries to earn Joey's forgiveness. Monica accidentally gets ice in her eye and her doctor turns out to be Richard's son.","20 Nov. 1997"
"4","9","The One Where They're Going to Party!","8.1","1,392","Phoebe and Monica get a van for their catering business. Rachel applies for a job as assistant buyer. An old friend and party wizard wants to visit Ross and Chandler. They are excited like two small children and can hardly sit still but the friend cancels their reunion. Monica wrote her first review and the owner of the restaurant comes to complain about it. Joanna doesn't want to lose a good assistant as Rachel and makes Rachel look bad at the interview for the new job. Rachel wants to quit but Joanna offers her the position of assistant buyer in Joanna's department....","11 Dec. 1997"
"4","10","The One with the Girl from Poughkeepsie","8.2","1,379","Ross meets an amazing girl from Poughkeepsie on the train. Rachel hates to be alone around the festive season. She doesn't necessarily need a real relationship but would love to have a fling. Monica is still being picked on at the restaurant. Chandler promised Rachel to fix her up with someone from work and the guys at work all suck up to Chandler because they want to go out with Rachel. Monica hires Joey only to fire him again to show the others at the restaurant who the boss is. Ross can't decide between the girl from Poughkeepsie and another girl who isn't as fun ...","18 Dec. 1997"
"4","11","The One with Phoebe's Uterus","8.5","1,459","Phoebe's brother Frank and Alice got married. They were trying to get pregnant but it didn't work out. They ask Phoebe if she could bear their baby. Joey gets a job as a tour guide at Ross' museum. The friends want Phoebe to think it through before she makes the decisions about having Frank's and Alice's child. Things are going really well for Kathy and Chandler but they haven't had sex because Chandler is afraid he won't be able to fill Joey's shoes. Joey is a terrible tour guide. Phoebe goes to see her mother to ask whether she should have the baby or not. Her ...","8 Jan. 1998"
"4","12","The One with the Embryos","9.4","2,815","Phoebe's uterus is examined for implantation of the embryos. Meanwhile, a seemingly harmless game between Chandler and Joey and Monica and Rachel escalates into a full-blown contest.","15 Jan. 1998"
"4","13","The One with Rachel's Crush","8.3","1,373","After seeing Kathy's play, Chandler becomes convinced she is cheating on him with her co-star. Rachel develops a crush on one of her customers. Monica becomes jealous when she realizes she is no longer the 'hostess'.","29 Jan. 1998"
"4","14","The One with Joey's Dirty Day","8.4","1,399","After a fishing trip, Joey forgets to shower before working on a movie starring Charlton Heston. Rachel sets Ross up with her boss's niece so that she can go to a nightclub with Joshua. Chandler struggles to get over his breakup with Kathy.","5 Feb. 1998"
"4","15","The One with All the Rugby","8.5","1,465","Chandler bumps into Janice, and finds her more irritating than ever. Meanwhile, Ross attempts to learn how to play rugby to impress Emily, and Monica obsesses over a switch.","26 Feb. 1998"
"4","16","The One with the Fake Party","8.3","1,397","Rachel organizes a leaving party for Emily so she can spend time with Joshua. Phoebe develops cravings for meat.","19 Mar. 1998"
"4","17","The One with the Free Porn","8.7","1,487","Chandler and Joey discover that they're getting a free porn channel on their TV. Ross tells Emily he loves her just as she leaves for London. Phoebe gets a shock when she visits her Ob/Gyn.","26 Mar. 1998"
"4","18","The One with Rachel's New Dress","8.4","1,382","Rachel has an awkward encounter with Joshua's parents. Phoebe is offered the chance to name one of the triplets. Ross becomes paranoid when Emily goes to London with Susan.","2 Apr. 1998"
"4","19","The One with All the Haste","8.8","1,438","Ross proposes to Emily. Monica and Rachel try to win their apartment back from Chandler and Joey.","9 Apr. 1998"
"4","20","The One with All the Wedding Dresses","8.6","1,420","Monica tries on Emily's wedding dress, and can't stop wearing it. Jealous of Ross's proposal to Emily, Rachel tries to talk Joshua into marriage. Chandler takes Joey to a sleep clinic when he starts snoring.","16 Apr. 1998"
"4","21","The One with the Invitation","7.3","1,525","As Ross and Emily send out wedding invitations, he and Rachel each look back on their relationship together.","23 Apr. 1998"
"4","22","The One with the Worst Best Man Ever","8.6","1,393","Ross decides that Joey will be his best man but after the bachelor party Joey sleeps with the stripper they hired and she steals Ross' ring. Phoebe has terrible mood swings and is bitchy because of the hormones. Monica and Rachel throw her a very depressing baby shower because Phoebe won't have the babies so they give her presents she can use after her pregnancy but it only makes Phoebe angry. Joey desperately tries to retrieve the ring which has been in the Geller family for generations. Ross freaks out when he hears about the ring so the guys ring the stripper to ...","30 Apr. 1998"
"4","23","The One with Ross's Wedding: Part One","8.9","1,581","Phoebe tries to help Rachel deal with her feelings as the rest of the gang head to London for Ross and Emily's wedding.","7 May 1998"
"4","24","The One with Ross's Wedding: Part Two","9.2","2,015","Phoebe tries to warn the gang that Rachel is coming to London to tell Ross she still loves him. Ross and Emily's parents get into an argument over the bill for the wedding.","7 May 1998"
"5","1","The One After Ross Says Rachel","9.0","1,702","A humiliated Emily runs away after Ross says Rachel's name at the altar. Meanwhile, Chandler and Monica struggle to get time alone together.","24 Sep. 1998"
"5","2","The One with All the Kissing","9.0","1,709","Chandler kisses Rachel and Phoebe to cover up a kiss he gave to Monica. Phoebe becomes irritated when the gang constantly talk about London. Rachel puts Monica in charge of her love life.","1 Oct. 1998"
"5","3","The One Hundredth","8.8","1,519","The gang take Phoebe to the hospital after she goes into labor. Monica threatens to go on a date with a nurse after Chandler claims they are 'just goofing around'.","8 Oct. 1998"
"5","4","The One Where Phoebe Hates PBS","8.4","1,381","Ross finally gets in touch with Emily. Chandler begins to gloat after Rachel reveals that Monica's 'secret boyfriend' is the best sex she ever had.","18 Oct. 1998"
"5","5","The One with the Kips","8.8","1,457","Chandler and Monica go away for the weekend but spend the entire time fighting. Ross tries to tell Rachel about his agreement with Emily.","29 Oct. 1998"
"5","6","The One with the Yeti","8.2","1,371","The gang become frustrated with Emily's demands. Monica and Rachel mistake their new neighbor for a yeti. Phoebe receives a fur coat from her mother.","5 Nov. 1998"
"5","7","The One Where Ross Moves In","8.5","1,403","Ross moves in with Chandler and Joey after Emily's cousin kicks him out of his apartment. Phoebe dates a health inspector. Rachel plays hard-to-get with Danny.","12 Nov. 1998"
"5","8","The One with the Thanksgiving Flashbacks","9.2","2,006","The gang remember their worst Thanksgivings.","19 Nov. 1998"
"5","9","The One with Ross's Sandwich","9.1","1,825","Joey finds himself constantly covering for Monica and Chandler. Ross becomes angry when someone at work eats his sandwich. Phoebe and Rachel attend a literature class.","10 Dec. 1998"
"5","10","The One with the Inappropriate Sister","8.3","1,355","A bored Ross wreaks havoc in Chandler and Joey's lives. Rachel is disturbed by Danny's relationship with his sister. Phoebe runs into trouble whilst collecting donations for the poor.","17 Dec. 1998"
"5","11","The One with All the Resolutions","9.1","1,774","The gang make their New Years resolutions. Chandler struggles to not make jokes about everyone. Rachel uncovers a secret. Ross runs into trouble when he wears leather pants on a date.","7 Jan. 1999"
"5","12","The One with Chandler's Work Laugh","8.4","1,342","Monica becomes annoyed at how Chandler sucks up to his boss. Ross hooks up with Janice when he finds out Emily is getting married.","21 Jan. 1999"
"5","13","The One with Joey's Bag","8.2","1,349","Phoebe's grandmother dies, and is shocked when her father turns up at the funeral. Meanwhile, Rachel gives Joey a ""man's bag"" for an audition, and Chandler is scared to tell Monica he doesn't like her massages.","4 Feb. 1999"
"5","14","The One Where Everybody Finds Out","9.7","3,850","When Phoebe finds out about Monica and Chandler, she and Rachel start messing with them and attempt to get them to confess their relationship.","11 Feb. 1999"
"5","15","The One with the Girl Who Hits Joey","8.6","1,445","Ross makes enemies out of his new neighbours. Chandler freaks out about his relationship with Monica. Joey dates a girl who likes to punch him.","18 Feb. 1999"
"5","16","The One with the Cop","8.6","1,435","Joey has a dream about Monica and becomes convinced he is in love with her. Meanwhile, Phoebe finds a police badge in Central Perk, and Ross tries to get his new sofa into his apartment.","25 Feb. 1999"
"5","17","The One with Rachel's Inadvertent Kiss","8.6","1,377","Rachel has an awkward encounter when she interviews for a new job. Monica becomes jealous of Phoebe and Gary. Joey searches for a 'hot girl' in Ross's building.","18 Mar. 1999"
"5","18","The One Where Rachel Smokes","8.1","1,344","Rachel takes up smoking to feel more included at work. Joey auditions for a soup commercial with Ben. Monica and Phoebe plan Rachel's birthday party.","8 Apr. 1999"
"5","19","The One Where Ross Can't Flirt","8.8","1,513","As Joey's grandmother visits to watch him on TV, Ross has trouble flirting with the pizza delivery girl, and Rachel tries to find one of Monica's earrings.","22 Apr. 1999"
"5","20","The One with the Ride Along","8.4","1,324","The guys go on a ride along with Gary. Rachel accidentally deletes a message from Emily on Ross's answering machine.","29 Apr. 1999"
"5","21","The One with the Ball","8.7","1,401","Gary asks Phoebe to move in with him. Ross and Joey start a ball throwing contest. Rachel buys a cat.","6 May 1999"
"5","22","The One with Joey's Big Break","8.4","1,314","Joey drives to Las Vegas to shoot for a new movie. Rachel gets an eye infection. Phoebe is mad at Ross, but doesn't know why.","11 May 1999"
"5","23","The One in Vegas: Part 1","8.9","1,566","The gang go to Las Vegas to visit Joey. Chandler is angry when he finds out Monica had lunch with Richard. Ross and Rachel try to embarrass each other after an awkward encounter.","20 May 1999"
"5","24","The One in Vegas: Part 2","9.1","1,731","Chandler and Monica reconcile and hastily decide to get married. Ross and Rachel get drunk and roam the casino. Phoebe deals with a 'lurker' on the slot machines.","20 May 1999"
"6","1","The One After Vegas","8.8","1,485","Ross and Rachel deal with the aftermath of their drunken escapade. Phoebe and Joey take a road trip back to New York in Phoebe's grandmother's cab. Monica and Chandler ponder the idea of marriage.","23 Sep. 1999"
"6","2","The One Where Ross Hugs Rachel","8.3","1,325","Monica and Chandler try to tell Rachel and Joey that they're moving in together. Phoebe thinks that Ross didn't get the annulment because he still loves Rachel.","30 Sep. 1999"
"6","3","The One with Ross's Denial","8.4","1,306","Ross tries to deny he still has feelings for Rachel. Joey interviews for a new roommate. Monica and Chandler argue over what to do with the spare room when they move in together.","7 Oct. 1999"
"6","4","The One Where Joey Loses His Insurance","8.6","1,380","Joey's health benefits lapse just as he develops a hernia. Ross is given a professorship at NYU and eager to impress his students, he puts on a fake English accent.","14 Oct. 1999"
"6","5","The One with Joey's Porsche","8.3","1,337","Ross and Rachel try to get an annulment, Joey finds the keys to a porsche in Central Perk, and Phoebe, Monica and Chandler babysit the triplets.","21 Oct. 1999"
"6","6","The One on the Last Night","8.6","1,340","On the last night before Chandler and Monica move in together, Monica and Rachel argue, and Chandler tries to give Joey money to help him pay the bills.","4 Nov. 1999"
"6","7","The One Where Phoebe Runs","8.5","1,375","Rachel is embarrassed by Phoebe's odd running style. Joey gets a new roommate. Chandler tries to impress Monica by cleaning the apartment but forgets how everything is supposed to look.","4 Nov. 1999"
"6","8","The One with Ross' Teeth","8.6","1,435","Ross goes too far while trying to impress a date by over-whitening his teeth. Rachel uses gossip to get her boss to like her after Phoebe supposedly makes out with Ralph Lauren.","18 Nov. 1999"
"6","9","The One Where Ross Got High","9.2","1,932","Ross is forced to reveal the reason why Jack and Judy don't like Chandler. Rachel tries to make dessert for the gang. Joey and Ross try to get out of Thanksgiving when they are invited to hang out with Janine and her dancer friends.","25 Nov. 1999"
"6","10","The One with the Routine","8.6","1,431","On the set of ""Dick Clark's New Year's Rockin' Eve"", Joey tries to kiss Janine at midnight and Monica and Ross resurrect their dance routine from high school. Meanwhile, Rachel, Phoebe and Chandler look for Monica's Christmas presents.","16 Dec. 1999"
"6","11","The One with the Apothecary Table","8.2","1,325","Joey is caught in the middle when Janine tells him she doesn't like Monica and Chandler. Meanwhile, Rachel buys an apothecary table from a store that Phoebe hates.","6 Jan. 2000"
"6","12","The One with the Joke","8.2","1,289","Chandler and Ross argue over a joke. Meanwhile, Joey reluctantly takes a waiter job at Central Perk, and Monica becomes annoyed when Phoebe says she would choose Rachel over her as a girlfriend.","13 Jan. 2000"
"6","13","The One with Rachel's Sister","8.3","1,361","Rachel's younger sister arrives in New York and goes on a date with Ross. Meanwhile, Monica won't admit that she is sick.","3 Feb. 2000"
"6","14","The One Where Chandler Can't Cry","8.7","1,391","Rachel desperately tries to stop Ross and Jill from starting a relationship. Joey is shocked to find that people think Phoebe is a porn star. Chandler admits he hasn't cried since he was a child.","10 Feb. 2000"
"6","15","The One That Could Have Been: Part 1","8.6","1,417","When Rachel hears Barry and Mindy are getting divorced, the gang wonder how different their lives could have been.","17 Feb. 2000"
"6","16","The One That Could Have Been: Part 2","8.6","1,381","The gang continue to think about how different their lives could have been.","17 Feb. 2000"
"6","17","The One with Unagi","9.1","2,077","Rachel and Phoebe take self-defense classes. Chandler and Monica agree to give each other homemade presents for Valentine's Day. Joey tries to get money through medical research.","24 Feb. 2000"
"6","18","The One Where Ross Dates a Student","8.4","1,320","Ross jeopardizes his career when he starts dating a student from one of his palaeontology classes. Rachel and Phoebe's apartment catches fire.","9 Mar. 2000"
"6","19","The One with Joey's Fridge","8.4","1,352","Joey tries to get everyone to pay for his broken fridge. Ross becomes paranoid when Elizabeth makes plans for spring break. Monica and Chandler compete against Phoebe to find Rachel a date.","23 Mar. 2000"
"6","20","The One with Mac and C.H.E.E.S.E.","7.6","1,394","Chandler forgets to write down a message for Joey when the time of his audition for the lead in a TV show is changed.","13 Apr. 2000"
"6","21","The One Where Ross Meets Elizabeth's Dad","8.7","1,439","Elizabeth's father takes an instant disliking to Ross. Joey almost gets fired from ""Mac and C.H.E.E.S.E."" after offending the operator of the robot. Phoebe writes a book based on Monica and Chandler.","27 Apr. 2000"
"6","22","The One Where Paul's the Man","9.0","1,716","Paul threatens to have Ross fired from the university if he continues to date Elizabeth. The girls put their names down on a waiting list for a wedding venue.","4 May 2000"
"6","23","The One with the Ring","8.7","1,395","Chandler and Phoebe go looking for an engagement ring for Monica. Rachel tries to get Paul to open up to her.","11 May 2000"
"6","24","The One with the Proposal: Part 1","8.8","1,410","Chandler's plan to propose to Monica at dinner is interrupted by Richard. Joey accidentally buys a boat at a silent auction. Ross and Elizabeth's relationship comes to a crossroad.","18 May 2000"
"6","25","The One with the Proposal: Part 2","9.2","1,860","Chandler continues to pretend to hate the idea of marriage, unaware Richard wants Monica back. Meanwhile, Rachel and Phoebe discuss their 'back-up' plans.","18 May 2000"
"7","1","The One with Monica's Thunder","8.4","1,375","The gang celebrate Monica and Chandler's engagement, however Ross and Rachel upstage them by briefly reuniting.","12 Oct. 2000"
"7","2","The One with Rachel's Book","8.4","1,304","Monica learns her parents have spent her entire wedding fund. Phoebe temporarily moves into Ross's apartment, bringing her massage clients with her. Joey mocks Rachel when he finds an erotic novel she is reading.","12 Oct. 2000"
"7","3","The One with Phoebe's Cookies","8.3","1,279","Monica tries to figure out Phoebe's grandmother's secret cookie recipe. Meanwhile, Rachel tries to teach Joey how to sail, and Chandler has an awkward encounter when he tries to bond with Jack.","19 Oct. 2000"
"7","4","The One with Rachel's Assistant","8.2","1,310","Chaos ensues when Monica and Chandler decide to share each other's secrets. Rachel gets a promotion and interviews for an assistant. Joey is offered the chance to go back on ""Days of our Lives"".","26 Oct. 2000"
"7","5","The One with the Engagement Picture","8.2","1,281","Chandler struggles to photograph well for his and Monica's engagement picture. Joey teaches Tag how to pick up women, much to Rachel's annoyance. Phoebe and Ross date a couple who are divorcing.","2 Nov. 2000"
"7","6","The One with the Nap Partners","8.9","1,597","Joey and Ross accidentally take a nap together and much to their dismay, find that they like it. Phoebe and Rachel compete to become Monica's maid of honor.","9 Nov. 2000"
"7","7","The One with Ross's Library Book","8.6","1,333","Monica runs into Janice and Janice is shocked to hear that she is getting married to Chandler but invites herself and her boyfriend to the wedding. Ross' doctoral dissertation can be found at the library but when he goes to see it he finds out that the Palaentology section of the library is only used when students make out together. Therefore Ross decides to defend the area. Rachel and Phoebe find the perfect girl for Joey and he is really into her but she doesn't feel the same way. Chandler and Monica can finally get rid of Janice.","16 Nov. 2000"
"7","8","The One Where Chandler Doesn't Like Dogs","8.3","1,271","It's Thanksgiving and the friends and Tag are preparing for dinner. Phoebe secretly keeps a dog she is watching for friends who went out of town in her room at Monica and Chandler's apartment. Everybody thought Chandler was allergic to dogs but the truth is that he hates dogs because he scared of them because you can never tell what they're thinking. Tag broke up with his girlfriend and Rachel is thinking about making a move. When Rachel tells Tag that she likes him he doesn't reply because he sees his car being stolen. Later on Rachel says he should just forget about...","23 Nov. 2000"
"7","9","The One with All the Candy","8.2","1,258","Monica makes candy for their neighbours even though they don't know them. The neighbours love the candy and Monica becomes very popular in the building. Rachel and Tag try to hide their relationship at work but when Rachel writes a revealing evaluation as a joke and Tag sends it on to human resources without reading it, they have a problem. Ross finds out that Phoebe never owned a bike so he buys her the prettiest pink bike there is and teaches Phoebe how to ride. Tag and Rachel almost get fired but manage to solve the problem. TOns of people hang around the apartment...","7 Dec. 2000"
"7","10","The One with the Holiday Armadillo","8.6","1,402","Ross wants to introduce Ben to Chanukah. In order to entice Rachel to move back into their refurbished apartment, Pheobe must drive a wedge between Rachel and current roomie Joey.","14 Dec. 2000"
"7","11","The One with All the Cheesecakes","8.6","1,364","Chandler and Rachel eat a cheesecake that was accidentally delivered to their door and it's the best cheesecake they've ever had. Another cheesecake gets delivered and they try to resist and drop it off to their neighbour that was supposed to receive it. Ross is invited to a cousin's wedding but Monica isn't. Monica is very upset because she was the girl's best friend when they grew up together so she gets Ross to take her instead of a date. Rachel and Chandler find the cheesecake untouched in front of the neighbour's door so they take it. Monica wasn't invited to the...","4 Jan. 2001"
"7","12","The One Where They're Up All Night","8.7","1,407","After the gang head up to the roof to see a passing comet, separate events unfold that lead to them all having a sleepless night.","11 Jan. 2001"
"7","13","The One Where Rosita Dies","8.5","1,303","Rachel wants to have a place to sit in front of the TV but Joey tells her Rosita, the armchair, does not move. Rachel tries to move it anyway and breaks it in half. The Gellers sell their house and Monica and Ross have to take their childhood memories home but Monica's boxes were ruined in a flood. Phoebe starts working as a telephone sales woman and talks to Earl who want to kill himself. Chandler sits in the armchair and thinks he broke it so he secretly exchanges Rosita with his chair. Meanwhile Joey and Rachel went to buy a new armchair as well so now they have ...","1 Feb. 2001"
"7","14","The One Where They All Turn Thirty","8.6","1,357","Rachel's 30th birthday prompts the rest of the gang to reminisce about their own 30th celebrations.","8 Feb. 2001"
"7","15","The One with Joey's New Brain","8.5","1,374","Joey gets an opportunity to rejoin Days of Our Lives when his comatose character is implanted with the brain of a female character. Joey approaches her to get some advise on how to play her character but she's unaware that she's being written off and freaks out at Joey. Later she tries to give him some pointers and they end up spending the night together. Ross tells Chandler and Monica he has a surprise for their wedding which turns out to be him playing the bagpipes which is terrible. Rachel and Phoebe have their eye on a guy at the coffee house and when he leaves ...","15 Feb. 2001"
"7","16","The One with the Truth About London","8.7","1,336","Chandler is shocked to find out who Monica really wanted to sleep with the night they first got together. Meanwhile, Rachel gets into trouble with Ross when she teaches Ben practical jokes.","22 Feb. 2001"
"7","17","The One with the Cheap Wedding Dress","8.5","1,265","Monica takes the other girls to an overpriced store to choose her wedding dress, briefing as if they were in the military as bargain-hunters are far more ruthless then Rachel can usually handle. The worst shopper is Megan who grabs the dress Monica wants then blackmails her over booking of a particular swing band which is about the only thing Chandler really wants for the wedding. Ross and Joey independently meet and date Kristen Leigh while helping her move in. The rivals agree to let her choose after one date with each but they get so carried away cheating on the ...","15 Mar. 2001"
"7","18","The One with Joey's Award","8.5","1,296","Joey is nominated for a Soapy Award for his part on Days of Our Lives and Rachel is his date to the ceremony. Joey doesn't win the award but takes someone else's award home. Rachel convinces him to take it back because he can't be happy with an award he didn't win. One of Ross' students failed the midterms because he is in love with Ross and can't concentrate in class so Ross changes his grade. But now more students come to Ross pretending to be in love with him in order to get a better grade. When Rachel and Joey take the Soapy back the real winner just throws it ...","29 Mar. 2001"
"7","19","The One with Ross and Monica's Cousin","8.8","1,507","Joey could have a part in a big movie but he would have a nude scene. Monica and Ross' sexy cousin Cassie comes to stay with Monica and Chandler but Monica thinks Chandler keeps staring at her so Cassie has to stay at Ross' place. Monica expects a bridal shower so Rachel and Phoebe have to organize one within 2 days.","19 Apr. 2001"
"7","20","The One with Rachel's Big Kiss","8.5","1,379","Rachel bumps into a girl she knew in college. Monica tells everyone they made out once when they were drunk. When Phoebe learns of it she doesn't believe it so Rachel decides to go out with her and bring Phoebe along so that she can tell her what happened. While making their seating plans for the wedding, Chandler is sad that 10 percent of the guests are his. So when Joey asks if his parents can attend, Monica says no but Chandler wanting more guests says let them. But Joey keeps on making a big deal about certain things. When Chandler goes to Rachel to get a tux, he ...","26 Apr. 2001"
"7","21","The One with the Vows","7.6","1,277","Monica and Chandler are getting married in 4 weeks and have to write their vows but both of them don't have a clue what to say so they reflect on their past.","3 May 2001"
"7","22","The One with Chandler's Dad","8.5","1,320","Finding out she's the only one of the friends who never got to drive Monica's Posche, Rachel steals the car keys from Ross, who feels responsible so he jumps in before learning Rachel's license expired. They get stopped, twice, but flirting doesn't work with both officers. When Phoebe's studly boyfriend Jake bends over, Joey sees he wears lingerie. Phoebe tells Joey that they exchanged underwear and it takes a really confident man to dare doing so. Joey can't resist trying it himself. Chandler refuses to send a wedding invitation to his father, who made his entire ...","10 May 2001"
"7","23","The One with Monica and Chandler's Wedding: Part 1","8.9","1,529","Joey unexpectedly gets a part in a movie about soldiers in World War I but his famous co-star Richard Crosby keeps spitting in his face for the sake of articulation. Ross makes everybody burst into laughter by threatening Chandler physically if he ever hurts his little sister. Chandler and Monica have their rehearsal dinner and after seeing his sexy celebrity mother and drag-queen dad, Chandler suddenly freaks out thinking about becoming ""Mr. and Mrs Bing."" He freaks out more when he hears the new answering machine message Monica recorded, so he writes a vague apology...","17 May 2001"
"7","24","The One with Monica and Chandler's Wedding: Part 2","9.1","1,694","Ross tries to find Chandler with Phoebe's help. Meanwhile Rachel tries to hinder Monica.","17 May 2001"
"8","1","The One After I Do","8.7","1,405","Bride Monica emphatically denies the rumor of her pregnancy, which has even reached Ross. Rachel frantically fears and refuses to tell the truth, so Phoebe pretends to be the mother to be. But when she remembers she shouldn't be drinking alcohol and spits outs champagne Monica guesses the truth. Ordered to change from his World War I uniform costume, Joey can only find a white tennis kit to wear. Ross sees an attractive guest and changes the seating arrangement to sit with her, but mixes up numbers 6 with 9 landing instead at the kids table, on a chair which makes '...","27 Sep. 2001"
"8","2","The One with the Red Sweater","9.0","1,583","Monica, Phoebe and Joey advise Rachel to tell the father about the pregnancy. Chandler and Ross lose the wedding photos.","4 Oct. 2001"
"8","3","The One Where Rachel Tells...","8.7","1,307","Even on honeymoon, Monica is pushy and is annoyed that Chandler wouldn't jump the queue at the airport check-in especially when the couple before them, also on honeymoon, get bumped up to first class. They try to sneak into the first class lounge, but are caught but at least she can nick an orange. Joey and Phoebe find Monica and Chandler have tricked them out of the keys of the master apartment; Joey hoped a false gas leak alert would make super Treeger use his key, but he makes a fireman use an axe and the wrecked door calls for a big lie. Rachel is finally ready to...","11 Oct. 2001"
"8","4","The One with the Videotape","9.3","1,894","Ross and Rachel tell everyone about the night they were together. They have two different stories of how it happened until Ross accidentally reveals that he videotaped it. Not surprisingly, everyone wants to see it.","18 Oct. 2001"
"8","5","The One with Rachel's Date","8.2","1,248","Phoebe dates Monica's sous-chef Tim and Monica doesn't fire him for Phoebe's sake. When Phoebe decides to dump Tim Monica can finally fire him. Rachel has a date with Kash, a co-star on Days of Our Lives. Ross thinks it's weird because whoever takes Rachel out, takes his baby out too. He always pictured that his next child would grow up in a happy family. Rachel's date was terrible because she made the mistake of mentioning she was pregnant. Ross reassures her it isn't so bad because when she has the baby she will love someone more than she ever loved anyone.","25 Oct. 2001"
"8","6","The One with the Halloween Party","8.5","1,389","Monica and Chandler are having a costume party for Halloween. Phoebe bumps into Ursula who is getting married in a week and invites her in return for Ursula's invitation for the wedding. Phoebe really likes Ursula's fiancé Eric. Eric and Ursula only met two weeks earlier and Phoebe finds out that Ursula told Eric a lot of lies about herself. Phoebe tells him the truth about Ursula while Rachel is trying to be good with children by handing out candy and money after the candy is gone.","1 Nov. 2001"
"8","7","The One with the Stain","8.1","1,262","Chandler hires a maid to clean the apartment and Monica promises to give her a chance. Eric broke up with Ursula and asks Phoebe out for lunch but he is still upset about Ursula and can't look at Phoebe without seeing Ursula. Rachel is looking for an apartment because she can't stay with Joey once the baby is here. Monica is very patient with the cleaning lady but thinks the girl stole her jeans and is wearing them. Monica remembers dropping ink and making a stain in the crotch of the jeans and tries to find out if they really are her jeans. Phoebe and Eric make out ...","8 Nov. 2001"
"8","8","The One with the Stripper","8.9","1,428","Chandler finds out that Monica had a bacholerette party with stripper even though they promised not to have bachelor/bachelorette parties. Rachel takes Phoebe to have dinner with Rachel's dad because she is afraid her dad will be really angry when Rachel tells him she's pregnant. Mr Green is delighted to hear he will be grandfather but freaks out when he finds out that Rachel isn't getting married so she just tells him Ross won't marry her. Monica feels bad about having had a bachelorette party so she organizes a bachelor party including a stripper for Chandler. Joey ...","15 Nov. 2001"
"8","9","The One with the Rumor","9.4","2,817","Will, an old friend of Ross' is in town and Monica invited him for Thanksgiving dinner. Will used to be really fat in high school and he really hates Rachel because she was horrible to him. Will shows his hatred and tells Rachel they had the ""I-hate-Rachel-Greene-Club"" in high school. The members of the club: Will and Ross! Their club spread a rumor that Rachel had both male and female reproductive parts. Everybody knew about the rumor and Rachel figures that's why certain guys wouldn't go out with her. It turns out that Rachel told everyone about how Ross made out ...","22 Nov. 2001"
"8","10","The One with Monica's Boots","8.2","1,280","Monica buys really expensive but fabulous boots. Chandler wants to return them but Monica promises to wear them all the time and they'll be worth the money. Monica really does wear them all the time now but they hurt like hell. Joey's youngest sister Dina is pregnant and comes to Rachel for advice and they go tell Joey who gets really upset about it. Phoebe finds out that Sting's son is in Ben's class so she goes to see Sting's wife pretending to want to talk about Ben and Jack in order to get tickets to Sting's concert. It all ends in a restraining order for Phoebe.","6 Dec. 2001"
"8","11","The One with Ross's Step Forward","8.2","1,192","Ross and Mona took pictures of themselves at the Rockefeller Center and now Mona wants to send the picture as a Holiday card to friends. Ross freaks out at the thought of them sending out Holiday cards together because they've only been dating a couple of months. Ross tries to have a conversation about their relationship and says all the wrong things and ends up giving Mona a key to his apartment. Chandler has to tell his boss that he split up with Monica in order to prevent that Monica has to have dinner with Chandler and his boss.","13 Dec. 2001"
"8","12","The One Where Joey Dates Rachel","8.6","1,319","Phoebe gives Chandler and Monica a late wedding present: the game Ms Pac-Man. Chandler plays it all day long to be better than Monica and Phoebe. Rachel misses dressing up for romantic dates so Joey promises to take her out. They have a wonderfully romantic date pretending they're not roommates and they get to know each other a whole new level. Monica and Phoebe have to try to beat Chandler's top scores because Ben is coming over to play and Chandler put dirty words as names for the top scores. Joey has a crush on Rachel and feels weird about it.","10 Jan. 2002"
"8","13","The One Where Chandler Takes a Bath","8.6","1,276","After his openhearted evening with Rachel, Joey finds it impossible to go back to thinking about her as just a friend, yet he can't talk about it, not even to Chandler. As Joey rambles, only shutting up when Phoebe enters make Monica concludes he must be in love with Phoebe. Considering baby names, parents to be Ross and Rachel find no word in common except 'veto'! They agree not to ask the child's sex, yet Ross notices the gynecologist takes a peak, sod asks the doc afterward. After Chandler was unable to understand why Monica loves taking an elaborate bath, she ...","17 Jan. 2002"
"8","14","The One with the Secret Closet","8.3","1,203","Chandler's very curious about a locked closet, but Monica won't tell him what is inside.","31 Jan. 2002"
"8","15","The One with the Birthing Video","8.4","1,194","During Valentine's Day, Chandler discovers the miracle of birth seeing an extremely graphic video.","7 Feb. 2002"
"8","16","The One Where Joey Tells Rachel","8.3","1,218","Ross freaks out when Joey tells him that he is in love with Rachel because Ross is afraid that they will get married and raise his kid together. Phoebe dates a guy called Don, who she thinks is Monica's soul-mate and introduces Don to Monica to see what will happen. Monica and Don get along perfectly. Ross goes to tell Joey that he doesn't hate him and Joey promises to never act on his feelings for Rachel because he won't jeopardize his friendship to Ross. But when Ross realizes that Joey really is in love for the first time he tells Joey to tell Rachel. When Joey ...","28 Feb. 2002"
"8","17","The One with the Tea Leaves","8.2","1,239","Chandler and Monica are happy together - their worst problem is his habit to put CDs in the wrong box and their different taste in music. Rachel is desperate to get back at good terms with Joey, so she takes Monica's advice to change the subject to something work-related. However in another uncomfortable conversation she manages to convince Joey that her boss, Mr. Zelner, wants to buy her baby. When Phoebe resumes reading tea leaves, she sees that she'll meet the man of her dreams soon, and takes that to be Jim, who she keeps bumping into. However she soon finds he ...","7 Mar. 2002"
"8","18","The One in Massapequa","8.3","1,254","The gang attend a party for Monica and Ross's parents' 35th wedding anniversary. Monica tries to make everyone cry with her speech. Phoebe's overly-enthusiastic date irritates everyone. Ross and Rachel are forced to pretend to be married.","28 Mar. 2002"
"8","19","The One with Joey's Interview","7.7","1,254","Joey gives an interview to a soap opera magazine.","4 Apr. 2002"
"8","20","The One with the Baby Shower","8.3","1,219","Monica and Phoebe throw Rachel a baby shower and forget to invite Rachel's mom. Rachel realizes she has no idea how to look after the baby after the birth. Meanwhile, Joey auditions for a job as a host for a new game show called ""Bamboozled"" and Chandler and Ross help him practice.","25 Apr. 2002"
"8","21","The One with the Cooking Class","8.3","1,237","Monica's restaurant get a bad review. After confronting the critic who wrote it, she decides to join a cooking class, with Joey in tow. Rachel gets jealous when Ross hits it off with a woman at the baby department store.","2 May 2002"
"8","22","The One Where Rachel Is Late","8.4","1,204","Rachel becomes extremely irritable when her pregnancy is overdue by eight days, which leads to a bet between Monica and Phoebe. Meanwhile, Joey invites Chander to the screening of his new movie.","9 May 2002"
"8","23","The One Where Rachel Has a Baby: Part 1","8.8","1,330","Ross and Rachel go to the hospital to have their baby but it's a long labor. They get stuck in a semi-private room and many other couples come and go before Rachel is ready to deliver, the last couple being Janice and her new husband. Chandler and Monica decide to start trying to have a baby.","16 May 2002"
"8","24","The One Where Rachel Has a Baby: Part 2","9.0","1,482","After 21 hours Rachel is finally ready to go to the delivery room and baby-girl Geller Green is born and her name is Emma! Janice comes to see Rachel and Janice says she admires Rachel for her strength to raise the child on her own. When Rachel says she isn't alone because she has Ross, Janice tells her that Ross won't stay around forever and might meet someone else. Suddenly, Rachel feels very alone and she tries to talk to Ross about the kiss they had. Ross doesn't want to have a relationship with Rachel anymore because if it doesn't work out it would really hurt ...","16 May 2002"
"9","1","The One Where No One Proposes","8.6","1,344","Rachel thinks that Joey has proposed to her. Monica and Chandler begin trying to have a baby.","26 Sep. 2002"
"9","2","The One Where Emma Cries","8.5","1,361","Rachel doesn't know what to do so Emma will stop crying and Monica is the only one who can make her stop. Chandler is very tired and falls asleep during a very important meeting which results in Chandler agreeing to being transferred.","3 Oct. 2002"
"9","3","The One with the Pediatrician","8.3","1,283","Joey arranges a blind date for Phoebe. Chandler is leaving for Tulsa without Monica, because she has got a great job offer.","10 Oct. 2002"
"9","4","The One with the Sharks","8.3","1,271","Monica thinks Chandler is aroused by shark documentaries.","17 Oct. 2002"
"9","5","The One with Phoebe's Birthday Dinner","8.5","1,284","Phoebe will celebrate her birthday by having a dinner with her friends at a fancy restaurant. But everybody is late to the dinner, due to a series of problems.","31 Oct. 2002"
"9","6","The One with the Male Nanny","8.5","1,405","Looking for a new nanny, Ross and Rachel hire a male nanny named Sandy. Monica tells Chandler that a guy at work is the funniest guy she has ever met.","7 Nov. 2002"
"9","7","The One with Ross's Inappropriate Song","8.7","1,362","Ross finds a way to make Emma laugh - singing ""Baby Got Back.""","14 Nov. 2002"
"9","8","The One with Rachel's Other Sister","8.8","1,509","Rachel's middle sister shows up at Thanksgiving and causes arguments amongst the gang.","21 Nov. 2002"
"9","9","The One with Rachel's Phone Number","8.2","1,234","Rachel is ready to start hanging out again. She and Phoebe go to a bar, where they meet two guys.","5 Dec. 2002"
"9","10","The One with Christmas in Tulsa","7.7","1,288","Chandler must spend Christmas in Tulsa, which Monica thinks he might have an affair with a former Miss Oklahoma runner-up while he is there. Chandler comes home early to announce that he quit his job.","12 Dec. 2002"
"9","11","The One Where Rachel Goes Back to Work","8.1","1,174","Chandler starts looking for a job and is anxious about having a baby, Rachel decides to go back to work, and Phoebe works as an extra on Joey's show.","9 Jan. 2003"
"9","12","The One with Phoebe's Rats","8.1","1,238","Ross makes Joey stay away from their new nanny. Mike accidentally kills Phoebe's rat. Gavin gives Rachel a scarf and a kiss for her birthday.","16 Jan. 2003"
"9","13","The One Where Monica Sings","8.3","1,233","Monica sings at Mike's bar, and everyone likes her singing. Later, Phoebe learns that the only reason they think she is good is because they can see through her shirt. Ross tries to move on after seeing Gavin and Rachel kissing. Rachel finds out that he kept a message from that guy at the bar away from her. Rachel decides to move in with Joey again. Joey must get a waxing for his eyebrows to get a part, but chickens out after he gets one eyebrow done. Chandler was able to fix his eyebrows so they look somewhat normal.","30 Jan. 2003"
"9","14","The One with the Blind Dates","8.3","1,209","As they think Ross and Rachel should get back together with Emma, Joey and Phoebe, when asked to fix them up with blind dates, plan to make those so horrible they'll end up back with each other. Phoebe does a great job: Steve is so unattractive he even makes himself cry; Joey found his own nightmare woman, a history teacher, not realizing she risks looking ideal to Ross; but she stands Ross up, making him the object of bets by the waiters on how long he will wait before leaving. Chandler and Monica agree to babysit Emma, but with him being bored without a job and she ...","6 Feb. 2003"
"9","15","The One with the Mugging","8.5","1,243","Joey gets a part in a stage-play in a painful way. Ross and Phoebe are mugged outside Central Perk, Phoebe realizes that she mugged Ross 18 years ago. Chandler starts his new career as advertising writer.","13 Feb. 2003"
"9","16","The One with the Boob Job","8.3","1,164","When Monica and Chandler both ask Joey for money not wanting the other to know why they are asking for it, Chandler sees that Joey gave money to Monica. Joey makes up that Monica is getting a boob job. Phoebe asks Mike to move in with her, but decides not to when she and Mike argue about their future. Rachel tempts to baby-proof the apartment, but makes Joey go insane when he can't open anything.","20 Feb. 2003"
"9","17","The One with the Memorial Service","8.6","1,238","When Chandler and Ross joke around on their college website, Ross is accused of being dead which leads to the fact that he was not popular in college. Joey is not willing to give his favorite stuffed animal, Hugsy, to Emma. Monica helps Phoebe not call Mike.","13 Mar. 2003"
"9","18","The One with the Lottery","8.6","1,255","When everyone except Ross pools together to buy tickets for the lottery, Phoebe gets a prediction from her psychic that they will win. Ross, despite his skepticism, gets in on the action. Meanwhile, Chandler is anxious to find out if he gets a coveted assistant job at his advertising firm, and Emma is due to say her first word.","3 Apr. 2003"
"9","19","The One with Rachel's Dream","8.2","1,164","Joey is insecure now his Days of Our Lives character Dr. Drake Ramore is getting real dialog, so he asks Rachel to come along to the set, which she loves enough to get romantic dreams, but about Drake, Joey or both? Monica's fancy restaurant Javu is doing great, so she's flat out, too badly to accept joining Chandler on a surprise trip he booked to Vermont. When Phoebe comes sing her gross songs outside Javu, Monica tries to tell her nicely it's inappropriate, lacking style, but Phoebe just gets fancier dress; once told the truth, she starts a nasty row... Meanwhile ...","17 Apr. 2003"
"9","20","The One with the Soap Opera Party","8.3","1,193","Joey secretly plans a party for Soap Opera Stars because Monica, Phoebe, and Rachel always embarrass him every time they meet a star. Rachel finds out about the party and tells everyone else, except for Chandler is waiting for them at theater to see a play. Ross meets a woman named Charlie and invites her to the party. Monica and Rachel are going bananas when they are meeting all the stars. Ross is scared when Charlie describes all of her former boyfriends. At the end, Rachel is looking for Joey and Ross is looking for Charlie. They find them kissing.","24 Apr. 2003"
"9","21","The One with the Fertility Test","8.2","1,152","After trying and not yet being able to conceive a child, Monica and Chandler decide to get tests done at a fertility clinic, where they run into Chandler's favorite ex, Janice. Rachel receives a gift certificate to get a free massage at a chain massage center. Phoebe chastises Rachel for even thinking about going to a massage chain, which she feels takes away business from independent massage therapists like herself. Phoebe does not tell Rachel however that she actually works at this specific massage chain. Although Rachel says she won't go and even tears up the gift ...","1 May 2003"
"9","22","The One with the Donor","7.9","1,196","When Joey hears that his girlfriend Charlie is an insecure shopper, he volunteers expert Rachel, who dreads being alone with her, so she makes sure Phoebe comes along, by saying she needs a dazzling outfit for the party she's going to just to save face as her ex Mike is coming too. Gynecologist Dr. Connelly tells Chandler and Monica they should keep trying the natural way, but realistically consider a surrogate mother -a nightmare for Monica- or donor sperm insemination, so Chandler invites his 'perfectly eligible' colleague Zach for dinner; they scare him with ...","8 May 2003"
"9","23","The One in Barbados: Part 1","8.5","1,234","Chandler gives advice to David, but that makes David want to propose to Phoebe. Although Phoebe is still in love with Mike. Monica calls Mike who shows up there right in the middle of David's proposal. Mike proposes instead. Phoebe gets back together with Mike, but doesn't accept his proposal. Monica's hair gets all poofy after getting off the plane. Charlie and Ross enjoy themselves when rewriting Ross's speech. Rachel keeps changing her mind on when to tell Joey that she has feelings for him.","15 May 2003"
"9","24","The One in Barbados: Part 2","8.6","1,266","To the other friends' fury, it keeps raining except during Ross's speech, which to their amazement is a big hit with the paleontologists. Joey's scientific ignorance decides Charlie to turn her favor to Ross, then they must flee the other academics who intend by tradition to throw the key note-speaker into the pool. Chandler and Phoebe knew better, but Mike accepts to play table tennis against ever-obsessive fluffy monster Monica; when she gets injured, Chandler jumps in and crushes Mike. Rachel can't hide her feelings for Joey anymore, so when he sees Ross and ...","15 May 2003"
